{
  "models": {
    "logistic_regression": {
      "accuracy": 0.997,
      "precision": 0.9756838905775076,
      "recall": 0.9876923076923076,
      "f1": 0.981651376146789,
      "roc_auc": 0.9998718995290424,
      "confusion_matrix": [
        [
          3667,
          8
        ],
        [
          4,
          321
        ]
      ]
    },
    "random_forest": {
      "accuracy": 0.998,
      "precision": 0.9876923076923076,
      "recall": 0.9876923076923076,
      "f1": 0.9876923076923076,
      "roc_auc": 0.9997806384092098,
      "confusion_matrix": [
        [
          3671,
          4
        ],
        [
          4,
          321
        ]
      ]
    },
    "xgboost": {
      "accuracy": 0.9985,
      "precision": 0.9938080495356038,
      "recall": 0.9876923076923076,
      "f1": 0.9907407407407407,
      "roc_auc": 0.9996475143903716,
      "confusion_matrix": [
        [
          3673,
          2
        ],
        [
          4,
          321
        ]
      ]
    }
  },
  "best_model": "xgboost",
  "feature_names": [
    "log_transaction_amount",
    "hour_of_day",
    "is_night",
    "account_age_days",
    "orders_last_24h",
    "transactions_per_hour",
    "payment_card",
    "payment_wallet",
    "payment_cod",
    "ip_country_mismatch",
    "new_device_flag",
    "address_mismatch"
  ]
}